{"cameraMode":{"drawMode":0,"name":"Shaded","section":"Shading Mode"},"sceneLighting":false,"audioPlay":false,"sceneViewState":{"m_AlwaysRefresh":false,"showFog":true,"showSkybox":false,"showFlares":true,"showImageEffects":true,"showParticleSystems":true,"showVisualEffectGraphs":true,"m_FxEnabled":true},"in2DMode":false,"pivot":{"x":0.8165600895881653,"y":1.3084999322891236,"z":0.2712305784225464},"rotation":{"x":-0.01156604290008545,"y":0.9883309006690979,"z":0.1143525168299675,"w":0.09996332973241806},"size":1.7660253047943116,"orthographic":false}